{
  "Feedforward (2-layer)": {
    "p50": 0.022882999473949894,
    "p90": 0.02369399953749962,
    "p99": 0.04163799894740805,
    "p999": 0.06067299909773283,
    "average": 0.02379135500450502,
    "std": 0.0037557752934545417,
    "min": 0.02239099922007881,
    "max": 0.06067299909773283
  },
  "GRU (1-layer)": {
    "p50": 0.09998600216931663,
    "p90": 0.12313900151639245,
    "p99": 0.20135500017204322,
    "p999": 0.21927900161244906,
    "average": 0.10813902704103384,
    "std": 0.021166710697914044,
    "min": 0.09721099922899157,
    "max": 0.21927900161244906
  },
  "TCN (2-layer)": {
    "p50": 0.09211099677486345,
    "p90": 0.16997700004139915,
    "p99": 0.19423200137680396,
    "p999": 0.2223840019723866,
    "average": 0.1120872970095661,
    "std": 0.03245083047011204,
    "min": 0.0877739985298831,
    "max": 0.2223840019723866
  }
}